{"cameraMode":{"drawMode":0,"name":"Shaded","section":"Shading Mode"},"sceneLighting":true,"audioPlay":false,"sceneViewState":{"m_AlwaysRefresh":false,"showFog":true,"showSkybox":true,"showFlares":true,"showImageEffects":true,"showParticleSystems":true,"showVisualEffectGraphs":true,"m_FxEnabled":true},"in2DMode":false,"pivot":{"x":-1.6186895370483399,"y":-24.0006103515625,"z":177.142333984375},"rotation":{"x":-0.1107688695192337,"y":-0.008650158531963826,"z":0.0009632239816710353,"w":-0.9938153624534607},"size":110.54745483398438,"orthographic":false}